<?xml version="1.0" encoding="UTF-8" ?>
<!DOCTYPE mapper PUBLIC "-//mybatis.org//DTD Mapper 3.0//EN" 
	"http://mybatis.org/dtd/mybatis-3-mapper.dtd">

<mapper namespace="com.ssafy.happyhouse.model.mapper.NoticeMapper">

	<resultMap type="noticeDto" id="noticeList">
		<result column="no" property="no"/>
		<result column="userId" property="userId"/>
		<result column="date" property="date"/>
		<result column="title" property="title"/>
		<result column="content" property="content"/>
		<result column="hit" property="hit"/>
		<collection property="fileInfoDtos" column="no" javaType="list" ofType="FileInfoDto" select="fileInfoList"/>
	</resultMap>

	<sql id="search">
		<if test="word != null and word != ''">
			where ${key} like concat('%', #{word}, '%')
		</if>
	</sql>

	<insert id="registerNotice" parameterType="noticeDto">
		insert into notice (userId, date, title, content, hit)
		values ('admin', now(), #{title}, #{content}, #{hit})
		<selectKey resultType="int" keyProperty="no" order="AFTER">
			select last_insert_id()
		</selectKey>
	</insert>
	
	<insert id="registerFile" parameterType="noticeDto">
		insert into fileinfo (no, savefolder, originfile, savefile)
		values
		<foreach collection="fileInfoDtos" item="fileinfo" separator=" , ">
			(#{no}, #{fileinfo.saveFolder}, #{fileinfo.originFile}, #{fileinfo.saveFile})
		</foreach>
	</insert>
	
	
	<select id="listNotice" parameterType="map" resultMap="noticeList">
		select no, userId, title, content, hit, date_format(date, '%Y-%m-%d') as date
		from notice 
		<include refid="search"/>
		order by no desc
		limit #{start}, #{spp}
	</select>
	
	<select id="getNotice" parameterType="int" resultType="noticeDto">
		select no, title, content, userId, date_format(date, '%Y-%m-%d') as date
		from notice
		where no = #{no}
	</select>
	
	<update id="updateNotice" parameterType="noticeDto">
		update notice
		set title = #{title}, content = #{content}
		where no = #{no}
	</update>
	
	<delete id="deleteNotice" parameterType="int">
		delete from notice
		where no = #{no}
	</delete>
	
	<delete id="deleteFile" parameterType="int">
		delete from fileinfo
		where no = #{no}
	</delete>
	
	<select id="fileInfoList" resultType="FileInfoDto">
		select savefolder, originfile, savefile
		from fileinfo
		where no = #{no}
	</select>
	
	<select id="getTotalCount" parameterType="map" resultType="int">
		select count(no)
		from notice
		<include refid="search"/>
		order by no desc
	</select>
	
	<update id="updateHit" parameterType="int">
		update notice
		set hit = hit + 1
		where no = #{no}
	</update>
	
</mapper>